{
  "project_info": {
    "project_number": "740768711580",
    "project_id": "tambatech-17cde",
    "storage_bucket": "tambatech-17cde.appspot.com"
  },
  "client": [
    {
      "client_info": {
        "mobilesdk_app_id": "1:740768711580:android:b4a64c79736eb31876fe59",
        "android_client_info": {
          "package_name": "com.android.appmodel"
        }
      },
      "oauth_client": [
        {
          "client_id": "740768711580-nbrdnba5k230jtktop6kbghohl6fphlh.apps.googleusercontent.com",
          "client_type": 3
        }
      ],
      "api_key": [
        {
          "current_key": "AIzaSyBUdkGDqBGkntrcDq9TMwGzz8oL_yaeDzI"
        }
      ],
      "services": {
        "appinvite_service": {
          "other_platform_oauth_client": [
            {
              "client_id": "740768711580-nbrdnba5k230jtktop6kbghohl6fphlh.apps.googleusercontent.com",
              "client_type": 3
            }
          ]
        }
      }
    }
  ],
  "configuration_version": "1"
}